file,phenol_5_6_7,carbox_acid,benzoic_acid,thiol_thiophenol,aliphatic_alcohol,sec_amine_neg,heteorcyle_phen,alinine,primary_amine,tert_amine,sec_amine_sec_amine_ring,ring,aromatic,charge,hybridization,CBH_1,CBH_2,CBH_3,CBH_4,CBH_5,CBH_6,CBH_7,CBH_8,CBH_9,CBH_10,CBH_11,CBH_12,CBH_13,CBH_14,CBH_15,CBH_16,CBH_17,CBH_18,CBH_19,CBH_20,CBH_21,CBH_22,CBH_23,CBH_24,CBH_25,CBH_26,CBH_27,CBH_28,CBH_29,CBH_30,CBH_31,CBH_32,CBH_33,CBH_34,CBH_35,CBH_36,CBH_37,CBH_38,CBH_39,CBH_40,CBH_41,CBH_42,CBH_43,CBH_44,CBH_45,CBH_46,CBH_47,CBH_48,CBH_49,CBH_50,CBH_51,CBH_52,CBH_53,CBH_54,CBH_55,CBH_56,CBH_57,CBH_58,CBH_59,CBH_60,CBH_61,CBH_62,CBH_63,CBH_64,CBH_65,CBH_66,CBH_67,CBH_68,CBH_69,CBH_70,CBH_71,CBH_72,CBH_73,CBH_74,CBH_75,CBH_76,CBH_77,CBH_78,CBH_79,CBH_80,CBH_81,delta_tpsa,conjugate_acid,conjugate_base,predicted_rf (pKa),exp_pKa (pKa)
7,0,0,0,0,0,0,0,0,1,0,0,0,0,1,4,0,0,0.5,0,0,0,0,0,0,0,0,0,0,0,0,0,0,0,0,0,0,0,0,0,0,0,0,0,0,0,0,0,0,0,0,0,0,0,0,0,0,0,0,0,0,0,0,0,0,0,0,0,0,0,0,0,0,0,0,0,0,0,0,0.3333,0,0,0,0,0,0,0,0,0,0,0,0,0.25,0,0,0,0,1.62,[NH3+][C@]12C[C@H]3C[C@H](C[C@H](C3)C1)C2,N[C@]12C[C@H]3C[C@H](C[C@H](C3)C1)C2,10.59,10.58
10,0,0,0,0,0,0,0,0,0,1,0,0,0,1,4,0.1667,0,0,0.3333,0,0,0,0,0,0,0,0,0,0,0,0,0.25,0,0,0,0,0,0,0,0,0,0,0,0,0,0,0,0,0,0,0.5,0,0,0,0,1,0,0,0,0,0,0,0,0,0,0,0,0,0,0,0,0,0,0,0,0,0,0,0,0,0,0,0,0,0,0,0,0,0,0,0,0,0,0,0,0,1.2,Cc1c([NH+](C)C)c(=O)n(-c2ccccc2)n1C,Cc1c(N(C)C)c(=O)n(-c2ccccc2)n1C,5.78,5.06
11,0,0,0,0,0,0,0,0,1,0,0,0,0,1,4,0.2,0,0,0,0,0,0,0,0,0,0,0,0,0,0,0.5,0,0,0,0,0,0,0,0,0,0,0,0,0,0,0,0,0,0,0,0,0,0,0,0,0,0,0,0.25,0,0,0,0,0,0,0,0,0,0,0,0,0,0,0,0,0,0,0,0.3333,0,0,0,0,0,0,0,0,0,0,0,0,0,0,0,0,0,1.62,C[C@H]([NH3+])Cc1ccccc1,C[C@H](N)Cc1ccccc1,9.91,9.94
12,0,0,0,0,0,0,0,0,1,0,0,0,0,1,4,0.2,0,0,0,0,0,0,0,0,0,0,0,0,0,0,0.5,0,0,0,0,0,0,0,0,0,0,0,0,0,0,0,0,0,0,0,0,0,0,0,0.1429,0,0,0,0.25,0,0,0,0,0,0,0,0,0,0,0,0,0,0,0,0,0,0,0,0.3333,0,0,0,0,0,0,0,0,0,0,0,0,0,0,0,0,0,1.62,C[C@H]([NH3+])Cc1ccc(O)cc1,C[C@H](N)Cc1ccc(O)cc1,9.92,9.7
13,0,0,0,0,0,0,0,0,1,0,0,0,0,1,4,0.2,0,0,0,0,0,0,0,0,0,0,0,0,0,0,0.5,0,0,0,0,0,0,0,0,0,0,0,0,0,0,0,0,0,0,0,0,0,0,0,0.1667,0,0,0,0.25,0,0,0,0,0,0,0,0,0,0,0,0,0,0,0,0,0,0,0,0.3333,0,0,0,0,0.1429,0,0,0,0,0,0,0,0,0,0,0,0,1.62,COc1cccc(C[C@H](C)[NH3+])c1,COc1cccc(C[C@H](C)N)c1,9.79,9.86
14,0,0,0,0,0,0,0,0,1,0,0,0,0,1,4,0.2,0,0,0,0,0,0,0,0,0,0,0,0,0,0,0.5,0,0,0,0,0,0,0,0,0,0,0,0,0,0,0,0,0,0,0,0,0,0,0,0.1429,0,0,0,0.25,0,0,0,0,0,0,0,0,0,0,0,0,0,0,0,0,0,0,0,0.3333,0,0,0,0,0.125,0,0,0,0,0,0,0,0,0,0,0,0,1.62,COc1ccc(C[C@H](C)[NH3+])cc1,COc1ccc(C[C@H](C)N)cc1,9.91,9.99
16,0,1,0,0,0,0,0,0,0,0,0,0,0,-1,3,0,0,0.1111,0.2,0.2,0,0.2,0,0,0,0,0,0,0,0,0.3333,0,0,0,0,0,0,0,0,0,0,0.1429,0,0,0,0,0.25,0,0,0,0,0,0,0,0,0.25,0,0,0,0,0,0,0,0,0,0,0,0,0,0,0,0,0,0,0,0,0,0,0.1,0,0.5,0,0,0,0,0,0,0,0,0,0,0,0,0,0,0,-2.83,CC1(C)S[C@@H]2[C@H](NC(=O)C3(N)CCCC3)C(=O)N2[C@H]1C(=O)O,CC1(C)S[C@@H]2[C@H](NC(=O)C3(N)CCCC3)C(=O)N2[C@H]1C(=O)[O-],2.7,2.62
19,0,1,0,0,0,0,0,0,0,0,0,0,0,-1,3,0,0,0.1111,0.2,0.2,0,0.2,0,0,0,0,0,0,0,0,0.3333,0,0,0,0,0,0,0,0,0,0,0.1429,0,0,0,0,0.25,0,0,0,0,0,0,0,0,0.25,0,0,0,0,0,0,0,0,0,0,0,0,0,0,0,0,0,0,0,0,0,0,0.1,0,0.5,0,0,0,0,0,0,0,0,0,0,0,0,0,0,0,-2.83,CC1(C)S[C@@H]2[C@H](NC(=O)C3(N)CCCCC3)C(=O)N2[C@H]1C(=O)O,CC1(C)S[C@@H]2[C@H](NC(=O)C3(N)CCCCC3)C(=O)N2[C@H]1C(=O)[O-],2.77,2.68
20,0,1,0,0,0,0,0,0,0,0,0,0,0,-1,3,0.0833,0,0,0.2,0.2,0,0.2,0,0,0.1111,0,0,0,0,0,0.3333,0,0,0,0,0,0,0,0,0,0,0.1429,0,0,0,0,0.25,0,0,0,0,0,0,0,0.0909,0.25,0,0,0,0,0,0,0,0,0,0,0,0,0,0,0,0,0,0,0,0,0,0,0,0,0.5,0,0,0.1,0,0,0,0,0,0,0,0,0,0,0,0,-2.83,C[C@@H](Oc1ccccc1)C(=O)N[C@@H]1C(=O)N2[C@@H]1SC(C)(C)[C@@H]2C(=O)O,C[C@@H](Oc1ccccc1)C(=O)N[C@@H]1C(=O)N2[C@@H]1SC(C)(C)[C@@H]2C(=O)[O-],2.78,2.73
21,0,0,0,0,0,0,0,0,0,1,0,1,0,1,4,0.25,0,0,0,0,0,0,0,0,0,0,0,0.5,0,0,0,0,0,0,0,0,0,0,0,0,0,0,0,0,0,0,0,0,0,0,0,0,0,0,0,1,0,0,0.3333,0,0,0,0,0,0,0,0,0,0,0,0,0,0,0,0,0,0,0,0.3333,0,0.25,0,0,0,0,0,0,0,0,0,0,0,0,0,0,0,1.2,C[N@H+]1CCC=C(C(=O)O)C1,CN1CCC=C(C(=O)O)C1,8.17,9.07
27,0,0,0,0,0,1,0,0,0,0,0,1,1,-1,3,0,0,0,0,0.25,0,0,0,0,0,0,0,0,0,0,0,0,0,0,0,0,0,0,0,0,0,0,0,0,0,0,0,0,0,0,0,0,0,0,0,0.1667,0,0,0,0,0.3333,0,0,0,0,0,0,0,0,0,0.1667,0,0,0,0,0,0.1429,0,0,0,0,0,0,0,0,0,0.3333,0,0,0,0,0,0,0,0,0,1.69,Cn1cnc([N+](=O)[O-])c1Sc1ncnc2nc[nH]c12,Cn1cnc([N+](=O)[O-])c1Sc1ncnc2nc[n-]c12,7.67,7.905
28,0,0,0,0,0,1,0,0,0,0,0,1,0,-1,3,0,0,0,0.5,0,0,0,0,0,0,0,0,0,0,0,0,0,0,0,0,0,0,0,0,0,0,1,0,0,0,0,0,0,0,0,0,0,0,0,0,0,0,0,0,0,0,0,0,0,0,0,0,0,0,0,0,0,0,0,0,0,0,0,0,0,0,0,0,0,0,0,0,0,0,0,0.5,0,0,0,0,0,-2.07,O=C1NC(=O)C(Br)(Br)C(=O)N1,O=C1[N-]C(=O)C(Br)(Br)C(=O)N1,4.37,5.68
29,0,0,0,0,0,1,0,0,0,0,0,1,0,-1,3,0,0,0,0.5,0,0,0,0,0,0,0,0,0,0,0,0,0,0,0,0,0,0,0,0,0,0,1,0,0,0,0,0,0,0,0,0,0,0,0,0,0,0,0,0,0,0,0,0,0,0,0,0,0,0,0,0,0,0,0,0,0,0,0,0,0,0,0,0,0,0,0,0,0,0,0,0.5,0,0,0,0,0,-2.07,O=C1NC(=O)C(Cl)(Cl)C(=O)N1,O=C1[N-]C(=O)C(Cl)(Cl)C(=O)N1,3.96,5.55
30,0,0,0,0,0,1,0,0,0,0,0,1,0,-1,3,0,0,0,0.5,0,0,0,0,0,0,0,0,0,0,0,0,0,0,0,0,0,0,0,0,0,0,1,0,0,0,0,0,0.3333,0,0,0,0,0,0,0,0,0,0,0,0,0,0,0,0,0,0,0,0,0,0,0,0,0,0,0,0,0,0,0,0,0,0,0,0,0,0,0,0,0,0,0.5,0,0,0,0,0,-2.07,CC1(C)C(=O)NC(=O)NC1=O,CC1(C)C(=O)[N-]C(=O)NC1=O,7.68,8.505
31,0,0,0,0,0,1,0,0,0,0,0,1,0,-1,3,0,0,0,0.5,0,0,0,0,0,0,0,0,0,0,0,0,0,0,0,0,0,0,0,0,0,0,1,0,0,0,0,0,0.3333,0,0,0,0,0,0,0,0,0,0,0,0,0,0,0,0,0,0,0,0,0,0,0,0,0,0,0,0,0,0,0.25,0,0,0,0,0,0,0,0,0,0,0,0.5,0,0,0,0,0,-2.07,CCC1(C)C(=O)NC(=O)NC1=O,CCC1(C)C(=O)[N-]C(=O)NC1=O,7.69,8.28
32,0,0,0,0,0,1,0,0,0,0,0,1,0,-1,3,0,0,0,0.5,0,0,0,0,0,0,0,0,0,0,0,0,0,0,0,0,0,0,0,0,0,0,1,0,0,0,0,0,0.3333,0,0,0,0,0,0,0,0,0,0,0,0,0,0,0,0,0,0,0,0,0,0,0,0,0,0,0,0,0,0,0,0,0,0,0,0,0,0,0,0,0,0,0.5,0.25,0,0,0,0,-2.07,CC(C)C1(C)C(=O)NC(=O)NC1=O,CC(C)C1(C)C(=O)[N-]C(=O)NC1=O,7.68,8.45
33,0,0,0,0,0,1,0,0,0,0,0,1,0,-1,3,0,0,0,0.5,0,0,0,0,0,0,0,0,0,0,0,0,0,0,0,0,0,0,0,0,0,0,1,0,0,0,0,0,0.3333,0,0,0,0,0,0,0,0,0,0,0,0,0,0,0,0,0,0,0,0,0,0,0,0,0,0,0,0,0,0,0.25,0,0,0,0,0,0,0,0,0,0,0,0.5,0,0,0,0,0,-2.07,CCC1(CC)C(=O)NC(=O)NC1=O,CCC1(CC)C(=O)[N-]C(=O)NC1=O,7.68,7.9798
34,0,0,0,0,0,1,0,0,0,0,0,1,0,-1,3,0,0,0,0.5,0,0,0,0,0,0,0,0,0,0,0,0,0,0,0,0,0,0,0,0,0,0,1,0,0,0,0,0,0.3333,0,0,0,0,0,0,0,0,0,0,0,0,0,0,0,0,0,0,0,0,0,0,0,0,0,0,0,0,0,0,0.25,0,0,0,0,0,0,0,0,0,0,0,0.5,0.25,0,0,0,0,-2.07,CCC1(C(C)C)C(=O)NC(=O)NC1=O,CCC1(C(C)C)C(=O)[N-]C(=O)NC1=O,8,8.14
35,0,0,0,0,0,1,0,0,0,0,0,1,0,-1,3,0,0,0,0.5,0,0,0,0,0,0,0,0,0,0,0,0,0,0,0,0,0,0,0,0,0,0,1,0,0,0,0,0,0.3333,0,0,0,0,0,0,0,0,0,0,0,0,0,0,0,0,0,0,0,0,0,0,0,0,0,0,0,0,0,0,0.25,0,0,0,0,0,0,0,0,0,0,0,0.5,0.25,0,0,0,0,-2.07,CCC[C@@H](C)C1(CC)C(=O)NC(=O)NC1=O,CCC[C@@H](C)C1(CC)C(=O)[N-]C(=O)NC1=O,7.73,8.13
36,0,0,0,0,0,1,0,0,0,0,0,1,0,-1,3,0,0,0,0.5,0,0,0,0,0,0,0,0,0,0,0,0,0,0,0,0,0,0,0,0,0,0,1,0,0,0,0,0,0.3333,0,0,0,0,0,0,0,0,0,0,0,0,0,0,0,0,0,0,0,0,0,0,0,0,0,0,0,0,0,0,0.25,0,0,0,0,0,0,0,0,0,0,0,0.5,0.1667,0,0,0,0,-2.07,CCC1(CCC(C)C)C(=O)NC(=O)NC1=O,CCC1(CCC(C)C)C(=O)[N-]C(=O)NC1=O,7.71,7.95
37,0,0,0,0,0,1,0,0,0,0,0,1,0,-1,3,0,0,0,0.5,0,0,0,0,0,0,0,0,0,0,0,0,0,0,0,0,0,0,0,0,0,0,1,0,0,0,0,0,0.3333,0,0,0,0,0,0,0,0,0,0,0,0,0,0,0,0,0,0,0,0,0,0,0,0,0,0,0,0,0,0,0.25,0,0,0,0,0,0,0,0,0,0,0,0.5,0.25,0,0,0,0,-2.07,CCC1([C@H](C)CC(C)C)C(=O)NC(=O)NC1=O,CCC1([C@H](C)CC(C)C)C(=O)[N-]C(=O)NC1=O,8.02,8.14
38,0,0,0,0,0,1,0,0,0,0,0,1,0,-1,3,0.2,0,0,0.5,0,0,0,0,0,0,0,0,0,0,0,0,0,0,0,0,0,0,0,0,0,0,1,0,0,0,0,0,0.3333,0,0,0,0,0,0,0,0,0,0,0,0,0,0,0,0,0,0,0,0,0,0,0,0,0,0,0,0,0,0,0.25,0,0,0,0,0,0,0,0,0,0,0,0.5,0,0,0,0,0,-2.07,C=CCC1(CC)C(=O)NC(=O)NC1=O,C=CCC1(CC)C(=O)[N-]C(=O)NC1=O,7.42,7.89
39,0,0,0,0,0,1,0,0,0,0,0,1,0,-1,3,0.2,0,0,0.5,0,0,0,0,0,0,0,0,0,0,0,0,0,0,0,0,0,0,0,0,0,0,1,0,0,0,0,0,0.3333,0,0,0,0,0,0,0,0,0,0,0,0,0,0,0,0,0,0,0,0,0,0,0,0,0,0,0,0,0,0,0.25,0,0,0,0,0,0,0,0,0,0,0,0.5,0.25,0,0,0,0,-2.07,C=CCC1(C(C)C)C(=O)NC(=O)NC1=O,C=CCC1(C(C)C)C(=O)[N-]C(=O)NC1=O,7.47,8.01
40,0,0,0,0,0,1,0,0,0,0,0,1,0,-1,3,0.2,0,0,0.5,0,0,0,0,0,0,0,0,0,0,0,0,0,0,0,0,0,0,0,0,0,0,1,0,0,0,0,0,0.3333,0,0,0,0,0,0,0,0,0,0,0,0,0,0,0,0,0,0,0,0,0,0,0,0,0,0,0,0,0,0,0.25,0,0,0,0,0,0,0,0,0,0,0,0.5,0,0,0,0,0,-2.07,C=CCC1(CC=C)C(=O)NC(=O)NC1=O,C=CCC1(CC=C)C(=O)[N-]C(=O)NC1=O,7.3,7.81
41,0,0,0,0,0,1,0,0,0,0,0,1,0,-1,3,0.2,0,0,0.5,0,0,0,0,0,0,0,0,0,0,0,0,0,0,0,0,0,0,0,0,0,0,1,0,0,0,0,0,0.3333,0,0,0,0,0,0,0,0,0,0,0.1667,0,0,0,0,0,0,0,0,0,0,0,0,0,0,0,0,0,0,0,0.25,0,0,0,0,0,0,0,0,0,0,0,0.5,0,0,0,0,0,-2.07,CC(C)=CCC1(C)C(=O)NC(=O)NC1=O,CC(C)=CCC1(C)C(=O)[N-]C(=O)NC1=O,7.54,8.39
42,0,0,0,0,0,1,0,0,0,0,0,1,0,-1,3,0.2,0,0,0.5,0,0,0,0,0,0,0,0,0,0,0,0,0,0,0,0,0,0,0,0,0,0,1,0,0,0,0,0,0.3333,0,0,0,0,0,0,0,0,0,0,0.1667,0,0,0,0,0,0,0,0,0,0,0,0,0,0,0,0,0,0,0,0.25,0,0,0,0,0,0,0,0,0,0,0,0.5,0,0,0,0,0,-2.07,CCC1(CC=C(C)C)C(=O)NC(=O)NC1=O,CCC1(CC=C(C)C)C(=O)[N-]C(=O)NC1=O,7.46,8.06
43,0,0,0,0,0,1,0,0,0,0,0,1,0,-1,3,0.2,0,0,0.5,0,0,0,0,0,0,0,0,0,0,0,0,0,0,0,0,0,0,0,0,0,0,1,0,0,0,0,0,0.3333,0,0,0,0,0,0,0,0,0,0,0.1667,0,0,0,0,0,0,0,0,0,0,0,0,0,0,0,0,0,0,0,0.25,0,0,0,0,0,0,0,0,0,0,0,0.5,0.25,0,0,0,0,-2.07,CC(C)=CCC1(C(C)C)C(=O)NC(=O)NC1=O,CC(C)=CCC1(C(C)C)C(=O)[N-]C(=O)NC1=O,7.67,8.19
44,0,0,0,0,0,1,0,0,0,0,0,1,0,-1,3,0.2,0,0,0.5,0,0,0,0,0,0,0,0,0,0,0,0,0,0,0,0,0,0,0,0,0,0,1,0,0,0,0,0,0.3333,0,0,0,0,0,0,0,0,0,0,0.1667,0,0,0,0,0,0,0,0,0,0,0,0,0,0,0,0,0,0,0,0.25,0,0,0,0,0,0,0,0,0,0,0,0.5,0,0,0,0,0,-2.07,CC(C)=CCC1(C(C)(C)C)C(=O)NC(=O)NC1=O,CC(C)=CCC1(C(C)(C)C)C(=O)[N-]C(=O)NC1=O,7.56,8.39
45,0,0,0,0,0,1,0,0,0,0,0,1,0,-1,3,0.2,0,0,0.5,0,0,0,0,0,0,0,0,0,0,0,0,0,0,0,0,0,0,0,0,0,0,1,0,0,0,0,0,0.3333,0,0,0,0,0,0,0,0,0,0,0.1667,0,0,0,0,0,0,0,0,0,0,0,0,0,0,0,0,0,0,0,0.25,0,0,0,0,0,0,0,0,0,0,0,0.5,0,0,0,0,0,-2.07,CC(C)=CCC1(CC=C(C)C)C(=O)NC(=O)NC1=O,CC(C)=CCC1(CC=C(C)C)C(=O)[N-]C(=O)NC1=O,7.15,8.13
46,0,0,0,0,0,1,0,0,0,0,0,1,0,-1,3,0,0,0,0.5,0,0,0,0,0,0,0,0,0,0,0,0,0,0,0,0,0,0,0,0,0,0,1,0,0,0,0,0,0.3333,0,0,0,0,0,0,0,0,0,0,0.25,0,0,0,0,0,0,0,0,0,0,0,0,0,0,0,0,0,0,0,0.2,0,0,0,0,0,0,0,0,0,0,0,0.5,0.1667,0,0,0,0,-2.07,C=C(CC(C)C)C1(C)C(=O)NC(=O)NC1=O,C=C(CC(C)C)C1(C)C(=O)[N-]C(=O)NC1=O,7.47,7.78
47,0,0,0,0,0,1,0,0,0,0,0,1,0,-1,3,0,0,0,0.5,0,0,0,0,0,0,0,0,0,0,0,0,0,0,0,0,0,0,0,0,0,0,1,0,0,0,0,0,0.3333,0,0,0,0,0,0,0,0,0,0,0.25,0,0,0,0,0,0,0,0,0,0,0,0,0,0,0,0,0,0,0,0.25,0,0,0,0,0,0,0,0,0,0,0,0.5,0.1667,0,0,0,0,-2.07,C=C(CC(C)C)C1(CC)C(=O)NC(=O)NC1=O,C=C(CC(C)C)C1(CC)C(=O)[N-]C(=O)NC1=O,7.44,7.48
48,0,0,0,0,0,1,0,0,0,0,0,1,0,-1,3,0.2,0,0,0.5,0,0,0,0,0,0,0,0,0,0,0,0,0,0,0,0,0,0,0,0,0,0,1,0,0,0,0,0,0.3333,0,0,0,0,0,0,0,0,0,0,0.25,0,0,0,0,0,0,0,0,0,0,0,0,0,0,0,0,0,0,0,0,0,0,0,0,0,0,0,0,0,0,0,0.5,0,0,0,0,0,-2.07,CC1(c2ccccc2)C(=O)NC(=O)NC1=O,CC1(c2ccccc2)C(=O)[N-]C(=O)NC1=O,7.17,7.78
50,0,0,0,0,0,1,0,0,0,0,0,1,0,-1,3,0.2,0,0,0.5,0,0,0,0,0,0,0,0,0,0.1429,0,0,0,0,0,0,0,0,0,0,0,0,1,0,0,0,0,0,0.3333,0,0,0,0,0,0,0,0,0,0,0.25,0,0,0,0,0,0,0,0,0,0,0,0,0,0,0,0,0,0,0,0.25,0,0,0,0,0,0,0,0,0,0,0,0.5,0,0,0,0,0,-2.07,CCC1(c2cccc([N+](=O)[O-])c2)C(=O)NC(=O)NC1=O,CCC1(c2cccc([N+](=O)[O-])c2)C(=O)[N-]C(=O)NC1=O,6.39,7.015
51,0,0,0,0,0,1,0,0,0,0,0,1,0,-1,3,0.2,0,0,0.5,0,0,0,0,0,0,0,0,0,0.125,0,0,0,0,0,0,0,0,0,0,0,0,1,0,0,0,0,0,0.3333,0,0,0,0,0,0,0,0,0,0,0.25,0,0,0,0,0,0,0,0,0,0,0,0,0,0,0,0,0,0,0,0.25,0,0,0,0,0,0,0,0,0,0,0,0.5,0,0,0,0,0,-2.07,CCC1(c2ccc([N+](=O)[O-])cc2)C(=O)NC(=O)NC1=O,CCC1(c2ccc([N+](=O)[O-])cc2)C(=O)[N-]C(=O)NC1=O,6.86,6.94
52,0,0,0,0,0,1,0,0,0,0,0,1,0,-1,3,0.2,0,0,0.5,0,0,0,0,0,0,0,0,0,0,0,0,0,0,0,0,0,0,0,0,0,0,1,0,0,0,0,0,0.3333,0,0,0,0,0,0,0,0,0,0,0.25,0,0,0,0,0,0,0,0,0,0,0,0,0,0,0,0,0,0,0,0,0,0,0,0,0,0,0,0,0,0,0,0.5,0,0,0,0,0,-2.07,O=C1NC(=O)C(c2ccccc2)(c2ccccc2)C(=O)N1,O=C1[N-]C(=O)C(c2ccccc2)(c2ccccc2)C(=O)N1,6.51,7.3
53,0,0,0,0,0,1,0,0,0,0,0,1,0,-1,4,0,0,0,0.5,0,0.25,0,0,0,0,0,0,0,0,0,0,0,0,0,0,0,0,0,0,0,0,1,0,0,0,0,0,0,0,0,0,0,0,0,0,0,0,0,0,0,0,0,0,0,0,0,0,0,0,0,0,0,0,0,0,0,0,0,0,0,0,0,0,0,0,0,0,0,0,0,0.5,0,0,0,0,0,-2.07,O=C1NC(=O)C2(CC2)C(=O)N1,O=C1[N-]C(=O)C2(CC2)C(=O)N1,7.77,8.73
54,0,0,0,0,0,1,0,0,0,0,0,1,0,-1,4,0,0,0,0.5,0,0,0,0,0,0,0,0,0,0,0,0,0,0,0,0,0,0,0,0,0,0,1,0,0,0,0,0,0.3333,0,0,0,0,0,0,0,0,0,0,0,0,0,0,0,0,0,0,0,0,0,0,0,0,0,0,0,0,0,0,0.25,0,0,0,0,0,0,0,0,0,0,0,0.5,0,0,0,0,0,-2.07,O=C1NC(=O)C2(CCC2)C(=O)N1,O=C1[N-]C(=O)C2(CCC2)C(=O)N1,7.92,8.82
55,0,0,0,0,0,1,0,0,0,0,0,1,0,-1,4,0,0,0,0.5,0,0,0,0,0,0,0,0,0,0,0,0,0,0,0,0,0,0,0,0,0,0,1,0,0,0,0,0,0.3333,0,0,0,0,0,0,0,0,0,0,0,0,0,0,0,0,0,0,0,0,0,0,0,0,0,0,0,0,0,0,0.25,0,0,0,0,0,0,0,0,0,0,0,0.5,0,0,0,0,0,-2.07,O=C1NC(=O)C2(CCCC2)C(=O)N1,O=C1[N-]C(=O)C2(CCCC2)C(=O)N1,7.9,8.83
56,0,0,0,0,0,1,0,0,0,0,0,1,0,-1,4,0,0,0,0.5,0,0,0,0,0,0,0,0,0,0,0,0,0,0,0,0,0,0,0,0,0,0,1,0,0,0,0,0,0.3333,0,0,0,0,0,0,0,0,0,0,0,0,0,0,0,0,0,0,0,0,0,0,0,0,0,0,0,0,0,0,0.25,0,0,0,0,0,0,0,0,0,0,0,0.5,0,0,0,0,0,-2.07,O=C1NC(=O)C2(CCCCC2)C(=O)N1,O=C1[N-]C(=O)C2(CCCCC2)C(=O)N1,7.99,8.88
59,0,0,0,0,0,0,0,0,0,1,0,1,0,1,4,0.125,0,0,0,0,0,0,0,0,0.25,0,0,0,0,0,0.5,0,0,0,0,0,0,0,0,0,0,0,0,0,0,0,0,0,0,0,0,0,0,0,0,1,0,0,0.1429,0,0,0,0,0,0,0,0,0,0,0,0,0,0,0,0,0,0,0,0.3333,0,0.25,0,0,0.2,0,0,0,0,0,0,0,0.3333,0,0,0,0,1.2,COC(=O)[C@H]1[C@@H](OC(=O)c2ccccc2)C[C@@H]2CC[C@H]1[N@H+]2C,COC(=O)[C@H]1[C@@H](OC(=O)c2ccccc2)C[C@@H]2CC[C@H]1N2C,9.08,8.7
60,0,0,0,0,1,0,0,0,0,0,0,0,0,-1,4,0,0,0,0,0,0,0,0,0,0,0,0,0,0,0,0,0,0,0,0,0,0,0,0,0,0,0,0,0,0,0,0,0,0,0,0,0,0,0,0,0,0,0,0,0,0,0,0,0,0,0,0,0,0,0,0,0,0,0,0,0,0,0,0,0,0,0,0,0,0,0,0,0,0,0,0,0,0,0,0,0,-2.83,OB(O)O,[O-]B(O)O,10.49,9.234
63,0,1,0,0,0,0,0,0,0,0,0,0,0,-1,3,0,0,0,0,0,0,0,0,0,0.1,0,0,0,0,0,0,0,0,0,0,0,0,0,0,0,0,0,0,0,0,0,0,0.1429,0,0,0,0,0,0,0,0,0,0,0,0,0,0,0,0,0,0,0,0,0,0,0,0,0,0,0,0,0,0,0.3333,0,0.5,0,0,0,0,0,0,0,0,0,0,0.2,0,0,0,0,-2.83,C[C@H](CCC(=O)O)[C@H]1CC[C@H]2[C@@H]3[C@H](O)C[C@@H]4C[C@H](O)CC[C@]4(C)[C@H]3CC[C@]12C,C[C@H](CCC(=O)[O-])[C@H]1CC[C@H]2[C@@H]3[C@H](O)C[C@@H]4C[C@H](O)CC[C@]4(C)[C@H]3CC[C@]12C,4.81,5.03
64,0,1,0,0,0,0,0,0,0,0,0,0,0,-1,3,0,0,0,0,0,0,0,0,0,0.1,0,0,0,0,0,0,0,0,0,0,0,0,0,0,0,0,0,0,0,0,0,0,0.1429,0,0,0,0,0,0,0,0,0,0,0,0,0,0,0,0,0,0,0,0,0,0,0,0,0,0,0,0,0,0,0.3333,0,0.5,0,0,0,0,0,0,0,0,0,0,0.2,0,0,0,0,-2.83,C[C@H](CCC(=O)O)[C@@H]1CC[C@H]2[C@H]3[C@@H](O)C[C@H]4C[C@H](O)CC[C@@]4(C)[C@H]3CC[C@]21C,C[C@H](CCC(=O)[O-])[C@@H]1CC[C@H]2[C@H]3[C@@H](O)C[C@H]4C[C@H](O)CC[C@@]4(C)[C@H]3CC[C@]21C,4.19,5.04
70,0,0,0,0,0,0,0,0,1,0,0,0,0,1,3,0.1429,0,0,0,0,0,0,0,0,0,0.1111,0,0,0,0,0,0,0,0,0,0.5,0,0,0,0,0,0.3333,0,0,0,0,0,0,0,0,0.1667,0,0,0,0,0,0,0,0,0,0,0,0,0,0,0,0,0,0,0,0,0,0,0,0,0,0,0,0,0,0,0,0,0,0,0,0,0,0,0,0,0,0,0,0,0,1.74,CNC(=[NH2+])NC(=N)Nc1ccc(Cl)cc1,CNC(=N)NC(=N)Nc1ccc(Cl)cc1,9.52,10.95
71,0,0,0,0,0,0,0,0,1,0,0,0,0,1,3,0.1429,0,0,0,0,0,0,0,0,0,0.1111,0,0.25,0,0,0,0,0,0,0,0.5,0,0,0,0,0,0.3333,0,0,0,0,0,0,0,0,0.1667,0,0,0,0,0,0,0,0,0,0,0,0,0,0,0,0,0,0,0,0,0,0,0,0,0,0,0,0,0,0,0,0,0,0,0,0,0,0,0,0,0,0,0,0,0,1.74,CCNC(=[NH2+])NC(=N)Nc1ccc(Cl)cc1,CCNC(=N)NC(=N)Nc1ccc(Cl)cc1,9.81,11.01
72,0,0,0,0,0,0,0,0,1,0,0,0,0,1,3,0.1429,0,0,0,0,0,0,0,0,0,0.1111,0,0.25,0,0,0,0,0,0,0,0.5,0,0,0,0,0,0.3333,0,0,0,0,0,0,0,0,0.1667,0,0,0,0,0,0,0,0,0,0,0,0,0,0,0,0,0,0,0,0,0,0,0,0,0,0,0,0.2,0,0,0,0,0,0,0,0,0,0,0,0,0,0,0,0,0,1.74,CCCNC(=[NH2+])NC(=N)Nc1ccc(Cl)cc1,CCCNC(=N)NC(=N)Nc1ccc(Cl)cc1,9.49,11.02
73,0,0,0,0,0,0,0,0,1,0,0,0,0,1,3,0.1429,0,0,0,0,0,0,0,0,0,0.1111,0,0.25,0,0,0,0,0,0,0,0.5,0,0,0,0,0,0.3333,0,0,0,0,0,0,0,0,0.1667,0,0,0,0,0,0,0,0,0,0,0,0,0,0,0,0,0,0,0,0,0,0,0,0,0,0,0,0.2,0,0,0,0,0,0,0,0,0,0,0,0,0,0,0,0,0,1.74,CCCCNC(=[NH2+])NC(=N)Nc1ccc(Cl)cc1,CCCCNC(=N)NC(=N)Nc1ccc(Cl)cc1,9.52,10.83
80,0,0,0,0,0,0,0,0,0,1,0,1,0,1,4,0,0,0,0.3333,0.1111,0,0,0,0,0.1667,0,0,0.5,0,0,0.5,0,0,0,0,0,0,0,0,0,0,0.25,0,0,0,0,0,0,0,0,0,0,0,0,0,1,0,0,0,0,0,0,0,0,0,0,0,0,0,0,0,0,0,0,0,0,0,0,0.3333,0,0,0,0,0.1429,0,0,0,0,0,0,0,0.3333,0,0,0,0,1.2,CCC[C@@H]1C[C@@H](C(=O)N[C@@H]([C@H]2O[C@H](SC)[C@H](O)[C@@H](O)[C@H]2O)[C@H](C)Cl)[N@H+](C)C1,CCC[C@@H]1C[C@@H](C(=O)N[C@@H]([C@H]2O[C@H](SC)[C@H](O)[C@@H](O)[C@H]2O)[C@H](C)Cl)N(C)C1,6.88,7.72
81,1,0,0,0,0,0,0,0,0,0,0,0,0,-1,3,0.25,0,0,0,0,0,0,0,0,0,0.2,0,0,0,0,0,0,0,0,0,0,0,0,0,0,0,0,0,0,0,0,0,0,0,0,0.3333,0,0,0.3333,0.5,0,0,0,0.25,0,0,0,0,0,0.2,0,0,0,0,0,0,0,0,0,0,0,0,0,0,0,0,0,0,0,0,0,0.25,0,0,0,0,0,0,0,0,0,-2.83,Oc1c(I)cc(Cl)c2cccnc12,[O-]c1c(I)cc(Cl)c2cccnc12,8.01,8.16
83,0,0,0,0,0,0,0,0,0,1,0,1,0,1,4,0,0,0,0,0,0,0,0,0,0,0,0,0.5,0,0,0,0,0,0,0,0,0,0,0,0,0,0,0,0,0,0,0,0,0,0,0,0,0,0,0,1,0,0,0,0,0,0,0,0,0,0,0,0,0,0,0,0,0,0,0,0,0,0,0.3333,0,0.25,0,0,0,0,0,0,0,0,0,0,0.3333,0,0,0,0,1.2,C[N@H+]1CCC[C@H](C(=O)O)C1,CN1CCC[C@H](C(=O)O)C1,8.69,9.7
84,0,0,0,0,0,0,0,0,0,1,0,1,0,1,4,0,0,0,0,0,0,0,0,0,0,0,0,0.5,0,0,0,0,0,0,0,0,0,0,0,0,0,0,0,0,0,0,0,0,0,0,0,0,0,0,0,1,0,0,0,0,0,0,0,0,0,0,0,0,0,0,0,0,0,0,0,0,0,0,0.3333,0,0.25,0,0,0.2,0,0,0,0,0,0,0,0.3333,0,0,0,0,1.2,COC(=O)[C@H]1CCC[N@H+](C)C1,COC(=O)[C@H]1CCCN(C)C1,8.83,8.39
86,0,0,0,0,0,0,0,0,0,1,0,1,0,1,4,0.25,0,0,0,0,0,0,0,0,0.2,0,0,0.5,0,0,0.5,0,0,0,0,0,0,0,0,0,0,0,0,0,0,0,0,0.25,0,0,0,0,0,0,0.1667,1,0,0,0.25,0,0,0,0,0,0,0,0,0,0,0,0,0,0,0,0,0,0,0,0.3333,0,0,0,0,0.1667,0,0,0,0,0,0,0,0.3333,0,0,0,0,1.2,COc1ccc2c3c1O[C@H]1[C@@H](O)C=C[C@@H]4[C@@H](C2)[N@@H+](C)CC[C@@]341,COc1ccc2c3c1O[C@H]1[C@@H](O)C=C[C@@H]4[C@@H](C2)N(C)CC[C@@]341,8.54,8.22
87,0,0,0,0,0,0,0,0,0,0,1,1,0,1,4,0.25,0,0,0,0,0,0,0,0,0.2,0,0,0.5,0,0,0.5,0,0,0,0,0,0,0,0,0,0,1,0,0,0,0,0,0.25,0,0,0,0,0,0,0.1667,0,0,0,0.25,0,0,0,0,0,0,0,0,0,0,0,0,0,0,0,0,0,0,0,0.3333,0,0,0,0,0.1667,0,0,0,0,0,0,0,0.3333,0,0,0,0,4.58,COc1ccc2c3c1O[C@H]1[C@@H](O)C=C[C@@H]4[C@@H](C2)[NH2+]CC[C@@]341,COc1ccc2c3c1O[C@H]1[C@@H](O)C=C[C@@H]4[C@@H](C2)NCC[C@@]341,8.8,9.23
88,0,0,0,0,0,0,0,0,0,1,0,1,0,1,4,0.25,0,0,0,0,0,0,0,0,0.2,0,0,0.5,0,0,0.5,0,0,0,0.25,0,0,0,0,0,0,0,0,0,0,0,0,0.25,0,0,0,0,0,0,0.1667,1,0,0,0.25,0,0,0,0,0,0,0,0,0,0,0,0,0,0,0,0,0,0,0,0.3333,0,0,0,0,0.1667,0,0,0,0,0,0,0,0.3333,0,0,0,0,1.2,COc1ccc2c3c1O[C@H]1[C@@H](O)C=C[C@@H]4[C@@H](C2)[N@@H+](CCC#N)CC[C@@]341,COc1ccc2c3c1O[C@H]1[C@@H](O)C=C[C@@H]4[C@@H](C2)N(CCC#N)CC[C@@]341,8.1,5.68
89,0,1,0,0,0,0,0,0,0,0,0,0,0,-1,3,0,0,0,0,0,0,0,0,0,0.25,0,0,0,0,0,0,0,0,0,0,0,0,0,0,0,0,0,0,0,0,0,0,0,0,0,0,0,0,0,0,0,0,0,0,0,0,0,0,0,0,0,0,0,0,0,0,0,0,0,0,0,0,0,0.3333,0,0.1667,0,0.5,0.2,0,0,0,0,0.1667,0,0,0,0,0.2,0,0,-2.83,CC(=O)O[C@H](CC(=O)O)C[N+](C)(C)C,CC(=O)O[C@H](CC(=O)[O-])C[N+](C)(C)C,3.11,3.6
90,0,1,0,0,0,0,0,0,0,0,0,0,0,-1,3,0,0,0,0,0,0,0,0,0,0.25,0,0,0,0,0,0,0,0,0,0,0,0,0,0,0,0,0,0,0,0,0,0,0,0,0,0,0,0,0,0,0,0,0,0,0,0,0,0,0,0,0,0,0,0,0,0,0,0,0,0,0,0,0,0.3333,0,0.1667,0,0.5,0.2,0,0,0,0,0.1667,0,0,0,0,0.2,0,0,-2.83,CCCC(=O)O[C@H](CC(=O)O)C[N+](C)(C)C,CCCC(=O)O[C@H](CC(=O)[O-])C[N+](C)(C)C,3.46,3.56
91,0,1,0,0,0,0,0,0,0,0,0,0,0,-1,3,0,0,0,0,0,0,0,0,0,0.25,0,0,0,0,0,0,0,0,0,0,0,0,0,0,0,0,0,0,0,0,0,0,0,0,0,0,0,0,0,0,0,0,0,0,0,0,0,0,0,0,0,0,0,0,0,0,0,0,0,0,0,0,0,0.3333,0,0.1667,0,0.5,0.2,0,0,0,0,0.1667,0,0,0,0,0.2,0,0,-2.83,CCCCCCCC(=O)O[C@H](CC(=O)O)C[N+](C)(C)C,CCCCCCCC(=O)O[C@H](CC(=O)[O-])C[N+](C)(C)C,3.59,3.6
92,0,1,0,0,0,0,0,0,0,0,0,0,0,-1,3,0,0,0,0,0,0,0,0,0,0.25,0,0,0,0,0,0,0,0,0,0,0,0,0,0,0,0,0,0,0,0,0,0,0,0,0,0,0,0,0,0,0,0,0,0,0,0,0,0,0,0,0,0,0,0,0,0,0,0,0,0,0,0,0,0.3333,0,0.1667,0,0.5,0.2,0,0,0,0,0.1667,0,0,0,0,0.2,0,0,-2.83,CCCCCCCCCC(=O)O[C@H](CC(=O)O)C[N+](C)(C)C,CCCCCCCCCC(=O)O[C@H](CC(=O)[O-])C[N+](C)(C)C,3.57,3.65
94,0,1,0,0,0,0,0,0,0,0,0,0,0,-1,3,0.2,0,0,0,0,0,0,0,0,0,0.125,0,0,0,0,0,0,0,0,0,0,0,0,0,0,0,0.1667,0,0,0,0,0,0,0,0,0.2,0,0,0,0,0,0,0,0.25,0,0,0,0,0,0,0,0,0,0,0,0,0,0,0,0,0,0,0,0.3333,0,0.5,0,0,0,0,0,0,0,0,0,0,0,0,0,0,0,-2.83,O=C(O)Cc1ccccc1Nc1c(Cl)cccc1Cl,O=C([O-])Cc1ccccc1Nc1c(Cl)cccc1Cl,4.28,3.99
95,0,0,0,0,0,0,0,0,0,1,0,1,0,1,4,0.2,0,0,0,0,0,0,0,0,0.2,0,0,0.5,0,0,0.5,0,0,0,0,0,0,0,0,0,0,0,0,0,0,0,0,0.25,0,0,0,0,0,0,0.1667,1,0,0,0.25,0,0,0,0,0,0,0,0,0,0,0,0,0,0,0,0,0,0,0,0.3333,0,0,0,0,0.1667,0,0,0,0,0,0,0,0.3333,0,0,0,0,1.2,COc1ccc2c3c1O[C@H]1[C@@H](O)CC[C@H]4[C@@H](C2)[N@@H+](C)CC[C@@]341,COc1ccc2c3c1O[C@H]1[C@@H](O)CC[C@H]4[C@@H](C2)N(C)CC[C@@]341,8.85,8.75
96,0,0,0,0,0,0,0,0,0,1,0,1,0,1,4,0.2,0,0,0,0,0,0,0,0,0.2,0,0,0.5,0,0,0.5,0,0,0,0,0,0,0,0,0,0,0,0,0,0,0,0,0.25,0,0,0,0,0,0,0.1667,1,0,0,0.25,0,0,0,0,0,0,0,0,0,0,0,0,0,0,0,0,0,0,0,0.3333,0,0,0,0,0.1667,0,0,0,0,0,0,0,0.3333,0,0,0,0,1.2,C[N@H+]1CC[C@]23c4c5ccc(O)c4O[C@H]2[C@@H](O)CC[C@H]3[C@H]1C5,CN1CC[C@]23c4c5ccc(O)c4O[C@H]2[C@@H](O)CC[C@H]3[C@H]1C5,8.99,9.35
97,1,0,0,0,0,0,0,0,0,0,0,0,0,-1,3,0.3333,0,0,0,0,0,0,0,0,0.1,0,0,0,0,0,0,0,0,0,0,0,0,0,0,0,0,0,0,0,0,0,0,0.1111,0,0,0,0,0,0,0.5,0,0,0,0.25,0,0,0,0,0,0,0,0,0,0,0,0,0,0,0,0,0,0,0,0.2,0,0,0,0,0,0,0,0,0,0,0,0,0.1667,0,0,0,0,-2.83,C[C@]12CC[C@H]3C(=CCc4cc(O)ccc43)[C@@H]1CC[C@H]2O,C[C@]12CC[C@H]3C(=CCc4cc([O-])ccc43)[C@@H]1CC[C@H]2O,10.18,10.29
98,1,0,0,0,0,0,0,0,0,0,0,0,0,-1,3,0.3333,0,0,0,0,0,0,0,0,0.1,0,0,0,0,0,0,0,0,0,0,0,0,0,0,0,0,0,0,0,0,0,0,0.1111,0,0,0,0,0,0,0.5,0,0,0,0.25,0,0,0,0,0,0,0,0,0,0,0,0,0,0,0,0,0,0,0,0.2,0,0,0,0,0,0,0,0,0,0,0,0,0.1667,0,0,0,0,-2.83,C[C@]12CC[C@H]3C(=CCc4cc(O)ccc43)[C@@H]1CC[C@@H]2O,C[C@]12CC[C@H]3C(=CCc4cc([O-])ccc43)[C@@H]1CC[C@@H]2O,10.2,9.77
99,0,0,0,0,0,0,0,0,1,0,0,0,0,1,4,0.0556,0.3333,0,0,0,0,0,0,0,0.125,0,0,0.5,0,0,0,0,0,0,0,0,0,0,0,0,0,0,0,0,0,0,0,0,0,0,0,0,0,0,0,0,0,0,0,0,0,0,0,0,0,0,0,0,0,0,0,0,0,0,0,0,0,0,0.0909,0,0.1,0,0,0.1111,0,0,0,0,0,0,0,0,0,0,0,0,1.62,CCCCCCCC/C=C/CCCCCCCC(=O)OC[C@H](CO[P@](=O)(O)OCC[NH3+])OC(=O)CCCCCCC/C=C/CCCCCCCC,CCCCCCCC/C=C/CCCCCCCC(=O)OC[C@H](CO[P@](=O)(O)OCCN)OC(=O)CCCCCCC/C=C/CCCCCCCC,8.83,7.55
102,0,0,0,0,0,0,1,0,0,0,0,0,0,-1,3,0.25,0.1667,0,0,0,0,0,0,0,0.1,0,0,0.1111,0,0,0,0.125,0,0,0,0,0,0,0,0,0,0,0,0,0,0,0,0,0,0,0,0,0,0,0.5,0.0833,0,0,0.3333,0,0,0,0,0,0.25,0,0,0,0,0,0,0,0,0.1111,0,0.1429,0,0,0,0,0.25,0,0,0.2,0,0,0.2,0.25,0,0,0,0,0,0,0,0,-2.83,CCOC(=O)c1cnc2oc(/C=N/N3C[C@@H](CN4CCOCC4)OC3=O)cc2c1O,CCOC(=O)c1cnc2oc(/C=N/N3C[C@@H](CN4CCOCC4)OC3=O)cc2c1[O-],7.4,5.24
106,1,0,0,0,0,0,0,0,0,0,0,0,0,-1,3,0.3333,0,0,0,0,0,0,0,0,0.1,0,0,0,0,0,0,0,0,0,0,0,0,0,0,0,0,0,0,0,0,0,0,0.1111,0,0,0,0,0,0,0.5,0,0,0,0.25,0,0,0,0,0,0,0,0,0,0,0,0,0,0,0,0,0,0,0,0.2,0,0,0,0,0,0,0,0,0,0,0,0,0.1667,0,0,0,0,-2.83,C[C@]12CC[C@@H]3c4ccc(O)cc4CC[C@H]3[C@@H]1CC[C@@H]2O,C[C@]12CC[C@@H]3c4ccc([O-])cc4CC[C@H]3[C@@H]1CC[C@@H]2O,10.33,10.71
107,1,0,0,0,0,0,0,0,0,0,0,0,0,-1,3,0.3333,0,0,0,0,0,0,0,0,0,0,0,0,0,0,0,0,0,0,0,0,0.1,0,0,0,0,0,0,0,0,0,0,0.1111,0,0,0,0,0,0,0.5,0,0,0,0.25,0,0,0,0,0,0,0,0,0,0,0,0,0,0,0,0,0,0,0,0.2,0,0,0,0,0,0,0,0,0,0,0,0,0.1667,0,0,0,0,-2.83,C[C@]12CC[C@@H]3c4ccc(O)cc4CC[C@H]3[C@@H]1CCC2=O,C[C@]12CC[C@@H]3c4ccc([O-])cc4CC[C@H]3[C@@H]1CCC2=O,10.55,10.34
108,1,0,0,0,0,0,0,0,0,0,0,0,0,-1,3,0.3333,0,0,0,0,0,0,0,0,0,0,0,0,0,0,0,0,0,0,0,0,0,0.0909,0,0,0,0,0,0,0,0,0,0.1111,0,0,0,0,0,0,0.5,0,0,0,0.25,0,0,0,0,0,0,0,0,0,0,0,0,0,0,0,0,0,0,0,0.2,0,0,0,0,0,0,0,0,0,0,0,0,0.1667,0.1,0,0,0,-2.83,C#C[C@]1(O)CC[C@H]2[C@@H]3CCc4cc(O)ccc4[C@H]3CC[C@@]21C,C#C[C@]1(O)CC[C@H]2[C@@H]3CCc4cc([O-])ccc4[C@H]3CC[C@@]21C,10.31,10.4
109,0,0,1,0,0,0,0,0,0,0,0,0,0,-1,3,0.1667,0,0,0,0,0,0,0,0,0,0,0.1429,0,0,0,0.1667,0,0,0,0,0,0.25,0,0,0,0,0,0,0,0,0,0,0,0,0,0.1667,0,0,0,0,0.2,0,0.25,0.3333,0,0,0,0,0,0,0,0,0,0,0,0,0,0,0,0,0,0,0,0.1429,0,0.5,0,0,0,0,0,0,0,0,0,0,0,0,0,0,0,-2.83,C[C@@H]1CCc2cc(F)cc3c(=O)c(C(=O)O)cn1c23,C[C@@H]1CCc2cc(F)cc3c(=O)c(C(=O)[O-])cn1c23,6.68,6.38
112,0,1,0,0,0,0,0,0,0,0,0,0,0,-1,3,0,0.1429,0,0,0,0,0,0,0,0.3333,0,0,0,0,0,0,0,0,0,0,0,0,0,0,0,0,0,0,0,0,0,0,0,0,0,0,0,0,0,0,0,0,0,0,0,0,0,0,0,0,0,0,0,0,0,0,0,0,0,0,0,0,0,0,0,0.5,0,0,0,0,0,0,0,0,0,0,0,0,0,0,0,-2.83,O=C(O)[C@@H](O)[C@H](O)[C@H](O)[C@@H](O)CO,O=C([O-])[C@@H](O)[C@H](O)[C@H](O)[C@@H](O)CO,4.22,3.62
114,0,0,0,0,0,0,0,0,0,1,0,1,0,1,4,0,0,0,0,0,0,0,0,0,0,0,0,0.5,0,0,0.5,0,0,0,0,0,0,0,0,0,0,0,0,0,0,0,0,0,0,0,0,0,0,0,0,1,0,0,0,0,0,0,0,0,0,0,0,0,0,0,0,0,0,0,0,0,0,0,0.3333,0,0,0,0,0,0,0,0,0,0,0,0,0.3333,0,0,0,0,1.2,C[C@H]1CC[N@@H+]2CCC[C@@H]12,C[C@H]1CCN2CCC[C@@H]12,10.25,11.4
115,0,0,0,0,0,0,0,0,0,1,0,1,0,1,4,0.3333,0,0,0,0,0,0,0,0,0,0,0,0.5,0,0,0.5,0,0,0,0,0,0,0,0,0,0,0,0,0,0,0,0,0,0,0,0,0,0,0,0,1,0,0,0.3333,0,0,0,0,0,0,0,0,0,0,0,0,0,0,0,0,0,0,0,0.3333,0,0,0,0,0,0,0,0,0,0,0,0,0,0,0,0,0,1.2,CC1=CC[N@H+]2CCC[C@@H]12,CC1=CCN2CCC[C@@H]12,9.28,10.55
122,0,1,0,0,0,0,0,0,0,0,0,0,0,-1,3,0.2,0,0,0,0,0,0,0,0,0,0,0,0,0,0,0,0,0,0,0,0,0,0,0,0,0,0,0,0,0,0,0,0,0,0,0,0,0,0,0,0,0,0,0.25,0,0,0,0,0,0,0,0,0,0,0,0,0,0,0,0,0,0,0,0.125,0,0.5,0,0,0,0,0,0,0,0,0,0,0.3333,0,0,0,0,-2.83,CC(C)Cc1ccc([C@@H](C)C(=O)O)cc1,CC(C)Cc1ccc([C@@H](C)C(=O)[O-])cc1,4.17,4.44
124,0,1,0,0,0,0,0,0,0,0,0,0,0,-1,3,0,0,0,0,0,0,0,0,0,0.3333,0,0,0,0,0,0,0,0,0,0,0,0,0,0,0,0,0,0,0,0,0,0,0,0,0,0,0,0,0,0,0,0,0,0,0,0,0,0,0,0,0,0,0,0,0,0,0,0,0,0,0,0,0,0,0,0.5,0,0,0,0,0,0,0,0,0,0,0,0,0,0,0,-2.83,C[C@@H](O)C(=O)O,C[C@@H](O)C(=O)[O-],3.58,3.861
132,0,0,0,0,0,0,0,0,0,0,1,0,0,1,4,0.2,0,0,0,0,0,0,0,0,0,0,0,0,0,0,0.5,0,0,0,0,0,0,0,0,0,0,1,0,0,0,0,0,0,0,0,0,0,0,0,0,0,0,0,0.25,0,0,0,0,0,0,0,0,0,0,0,0,0,0,0,0,0,0,0,0.3333,0,0,0,0,0,0,0,0,0,0,0,0,0,0,0,0,0,4.58,C[NH2+][C@@H](C)Cc1ccccc1,CN[C@@H](C)Cc1ccccc1,9.92,9.99
133,0,0,0,0,0,0,0,0,0,0,1,0,0,1,4,0.2,0,0,0,0,0,0,0,0,0,0,0,0,0,0,0.5,0,0,0,0,0,0,0,0,0,0,1,0,0,0,0,0,0,0,0,0,0,0,0,0.1429,0,0,0,0.25,0,0,0,0,0,0,0,0,0,0,0,0,0,0,0,0,0,0,0,0.3333,0,0,0,0,0,0,0,0,0,0,0,0,0,0,0,0,0,4.58,C[NH2+][C@@H](C)Cc1ccc(O)cc1,CN[C@@H](C)Cc1ccc(O)cc1,9.72,9.62
135,0,0,0,0,0,0,0,0,1,0,0,0,0,1,4,0.2,0,0,0,0,0,0,0,0,0.3333,0,0,0,0,0,0.5,0,0,0,0,0,0,0,0,0,0,0,0,0,0,0,0,0,0,0,0,0,0,0,0.2,0,0,0,0.25,0,0,0,0,0,0,0,0,0,0,0,0,0,0,0,0,0,0,0,0,0,0,0,0,0.1667,0,0,0,0,0,0,0,0,0,0,0,0,1.62,COc1ccc(OC)c([C@H](O)[C@H](C)[NH3+])c1,COc1ccc(OC)c([C@H](O)[C@H](C)N)c1,9.72,9.32
136,0,0,0,0,0,0,0,0,0,0,1,0,0,1,4,0.2,0,0,0,0,0,0,0,0,0,0,0,0,0,0,0.5,0,0,0,0,0,0,0,0,0,0,1,0,0,0,0,0,0,0,0,0,0,0,0,0.2,0,0,0,0.25,0,0,0,0,0,0,0,0,0,0,0,0,0,0,0,0,0,0,0,0.3333,0,0,0,0,0.1667,0,0,0,0,0,0,0,0,0,0,0,0,4.58,C[NH2+][C@@H](C)Cc1ccccc1OC,CN[C@@H](C)Cc1ccccc1OC,9.59,10.45
137,0,0,0,0,0,0,0,0,0,0,1,1,1,1,3,0.3333,0,0,0,0,0,0,0,0,0,0,0,0.1667,0,0,0.25,0,0,0,0,0,0,0,0,0,0,0,0,0,0,0,0,0,0,0,0,0,0,0,0,0.2,0,0.5,0.3333,0,0,0,0,0,0.5,0,0,0,0,0,0,0,0,0,0,0,0,0,0.2,0,0,0,0,0,0,0,1,0,0,0,0,0,0,0,0,0,1.25,CN1CCC[C@H]1c1ccc[nH+]c1,CN1CCC[C@H]1c1cccnc1,5.2,3.13
138,0,1,0,0,0,0,0,0,0,0,0,0,0,-1,3,0.1667,0,0.3333,0,0,0,0,0,0,0,0,0,0,0,0,0,0,0,0,0,0,0,0,0,0,0,0,0,0,0,0,0,0,0,0,0,0,0,0,0.1429,0,0,0,0.2,0,0,0,0,0,0,0,0,0,0,0,0,0,0,0,0,0,0,0,0.25,0,0.5,0,0,0,0,0,0,0,0,0,0,0,0,0,0,0,-2.83,C[C@](N)(Cc1ccc(O)c(O)c1)C(=O)O,C[C@](N)(Cc1ccc(O)c(O)c1)C(=O)[O-],4.08,2.218
139,0,0,0,0,0,0,0,0,0,1,0,1,0,1,4,0.25,0.1429,0,0.25,0,0,0,0,0,0,0,0,0.5,0,0,0.5,0,0,0,0,0,0,0,0,0,0,0.2,0,0,0,0,0,0,0,0,0.1667,0,0,0,0,1,0,0.2,0.3333,0,0,0,0,0,0,0,0,0,0,0,0,0,0,0,0,0,0,0,0.3333,0,0,0,0,0,0,0,0,0,0,0,0,0.3333,0,0,0,0,1.2,CC[C@@H](CO)NC(=O)[C@@H]1C=C2c3cccc4[nH]cc(c34)C[C@H]2[N@@H+](C)C1,CC[C@@H](CO)NC(=O)[C@@H]1C=C2c3cccc4[nH]cc(c34)C[C@H]2N(C)C1,7.18,6.65
142,0,0,0,0,0,0,0,0,1,0,0,0,0,1,4,0.1429,0.3333,0,0,0,0,0,0,0,0,0,0,0,0,0,0.5,0,0,0,0,0,0,0,0,0,0,0,0,0,0,0,0,0,0,0,0,0,0,0,0.2,0,0,0,0.1667,0,0,0,0,0,0,0,0,0,0,0,0,0,0,0,0,0,0,0,0,0,0,0,0,0.25,0,0,0,0,0,0,0,0,0,0,0,0,1.62,Cc1cccc(C)c1OC[C@@H](C)[NH3+],Cc1cccc(C)c1OC[C@@H](C)N,9.16,9.14
145,0,0,0,0,0,0,0,0,0,0,1,1,1,1,3,0.3333,0,0,0,0,0,0,0,0,0,0,0,0,0,0,0,0,0,0,0,0,0,0,0,0,0,0.3333,0,0,0,0,0,0,0,0.1429,0.25,0,0,0,0,0,0,0.5,0.3333,0,0.5,0,0,0,0,0,0,0,0,0,0,0,0,0,0,0,0,0,0,0,0.25,0,0,0,0,0,1,0,0,0,0,0,0,0,0,0,1.25,O=C(O)c1ccc[nH+]c1Nc1cccc(C(F)(F)F)c1,O=C(O)c1cccnc1Nc1cccc(C(F)(F)F)c1,3.45,4.44
153,0,0,0,0,0,0,0,0,1,0,0,0,0,1,4,0.2,0,0,0,0,0,0,0,0,0.3333,0,0,0,0,0,0.5,0,0,0,0,0,0,0,0,0,0,0,0,0,0,0,0,0,0,0,0,0,0,0,0,0,0,0,0.25,0,0,0,0,0,0,0,0,0,0,0,0,0,0,0,0,0,0,0,0,0,0,0,0,0,0,0,0,0,0,0,0,0,0,0,0,0,1.62,C[C@H]([NH3+])[C@@H](O)c1ccccc1,C[C@H](N)[C@@H](O)c1ccccc1,9.02,9.19
154,0,0,0,0,0,0,0,0,0,0,1,1,1,1,3,0.3333,0,0,0,0,0,0,0,0,0,0,0,0,0,0,0,0,0,0,0,0,0,0,0,0,0,0,0,0,0,0,0,0,0,0,0,0,0,0,0.2,0,0,0.5,0.3333,0,0,0,0,0,0,0,0,0,0,0,0,0,0,0,0.5,0,0,0,0.3333,0,0,0,0,0.1667,0,0,1,0,0,0,0,0,0,0,0,0,1.25,COc1ccc(Cc2[nH+]ccc3cc(OC)c(OC)cc23)cc1OC,COc1ccc(Cc2nccc3cc(OC)c(OC)cc23)cc1OC,6.81,6.43
158,0,0,0,0,0,0,0,0,0,0,1,0,0,1,4,0.2,0,0,0,0,0,0,0,0,0,0,0,0.5,0,0,0,0,0,0,0,0,0,0,0,0,0,1,0,0,0,0,0,0,0,0,0,0,0,0,0,0,0,0,0.25,0,0,0,0,0,0,0,0,0,0,0,0,0,0,0,0,0,0,0,0,0,0,0,0,0,0,0,0,0,0,0,0,0.3333,0,0,0,0,4.58,C[NH2+]C[C@@H](C)c1ccccc1,CNC[C@@H](C)c1ccccc1,9.86,10.07
159,0,0,0,0,0,0,0,0,0,0,1,1,1,1,3,0.3333,0,0,0,0,0,0,0,0,0.2,0,0,0.25,0,0,0,0,0,0,0,0,0,0,0,0,0,0.3333,0,0,0,0,0,0,0,0,0,0,0,0,0,0,0,0.5,0.1667,0,0.5,0,0,0,0,0,0,0,0,0,0,0,0,0,0,0,0,0,0,0,0,0,0,0,0,0,1,0,0,0,0,0,0,0,0,0,1.25,O[C@@H](CNc1cccc[nH+]1)c1ccccc1,O[C@@H](CNc1ccccn1)c1ccccc1,7.12,6.488
161,0,0,0,0,0,0,0,0,0,1,0,1,0,1,4,0.2,0,0,0,0,0,0,0,0,0,0,0,0.5,0,0,0,0,0,0,0,0,0,0,0,0,0,0.1111,0,0,0,0,0,0.3333,0,0,0.25,0,0,0,0.1667,1,0,0,0.25,0,0,0,0,0,0,0,0,0,0,0,0,0,0,0.125,0,0,0,0,0.3333,0,0,0,0,0.1429,0,0,0,0,0,0,0,0,0,0,0,0,1.2,CNC(=O)Oc1ccc2c(c1)[C@]1(C)CC[N@H+](C)[C@H]1N2C,CNC(=O)Oc1ccc2c(c1)[C@]1(C)CCN(C)[C@H]1N2C,8.05,8.17
163,0,0,0,0,0,0,0,0,0,0,1,1,1,1,3,0,0.1667,0,0,0,0,0,0,0,0,0,0,0,0,0,0,0,0,0,0,0,0,0,0,0,0,0,0,0,0,0,0,0,0,0,0.3333,0,0,0,0,0.3333,0,0.5,0,0,0,0,0,0,0,0,0,0,0,0,0,0,0,0,0,0,0.5,0,0.25,0,0.1429,0,0,0.1429,0,0,1,0,0,0,0,0.2,0,0,0,0,1.25,CC[C@@H]1C(=O)OC[C@@H]1Cc1c[nH+]cn1C,CC[C@@H]1C(=O)OC[C@@H]1Cc1cncn1C,7.59,7.03
168,0,0,0,0,0,0,0,0,0,0,1,0,0,1,4,0.1429,0.25,0,0,0,0,0,0,0,0.3333,0,0,0.5,0,0,0.5,0,0,0,0,0,0,0,0,0,0,1,0,0,0,0,0,0,0,0,0,0,0,0,0.1667,0,0,0,0.1429,0,0,0,0,0,0,0,0,0,0,0,0,0,0,0,0,0,0,0,0,0,0,0,0,0.2,0,0,0,0,0,0,0,0,0,0,0,0,4.58,CC(C)[NH2+]C[C@H](O)COc1cccc2ccccc12,CC(C)NC[C@H](O)COc1cccc2ccccc12,9.39,9.5
169,0,0,0,0,0,0,0,0,0,1,0,1,0,1,4,0,0,0,0,0,0,0,0,0,0.25,0,0,0,0,0,0.5,0,0,0,0,0,0,0,0,0,0,0,0,0,0,0,0,0,0,0,0,0,0,0,0,1,0,0,0,0,0,0,0,0,0,0,0,0,0,0,0,0,0,0,0,0,0,0,0.3333,0,0.25,0,0,0,0,0,0,0,0,0,0,0.3333,0,0,0,0,1.2,C[N@H+]1[C@H]2CC[C@@H]1[C@H](C(=O)O)[C@@H](O)C2,CN1[C@H]2CC[C@@H]1[C@H](C(=O)O)[C@@H](O)C2,8.81,9.7
170,0,0,0,0,0,0,0,0,0,1,0,1,0,1,4,0,0,0,0,0,0,0,0,0,0.25,0,0,0,0,0,0.5,0,0,0,0,0,0,0,0,0,0,0,0,0,0,0,0,0,0,0,0,0,0,0,0,1,0,0,0,0,0,0,0,0,0,0,0,0,0,0,0,0,0,0,0,0,0,0,0.3333,0,0.25,0,0,0.2,0,0,0,0,0,0,0,0.3333,0,0,0,0,1.2,COC(=O)[C@H]1[C@H]2CC[C@@H](C[C@@H]1O)[N@@H+]2C,COC(=O)[C@H]1[C@H]2CC[C@@H](C[C@@H]1O)N2C,9.08,8.15
172,0,0,0,0,0,0,0,0,0,1,0,1,0,1,4,0,0,0,0,0,0,0,0,0,0.25,0,0,0,0,0,0.5,0,0,0,0,0,0,0,0,0,0,0,0,0,0,0,0,0,0,0,0,0,0,0,0,1,0,0,0,0,0,0,0,0,0,0,0,0,0,0,0,0,0,0,0,0,0,0,0.3333,0,0,0,0,0,0,0,0,0,0,0,0,0,0,0,0,0,1.2,C[N@H+]1[C@H]2CC[C@@H]1C[C@H](O)C2,CN1[C@H]2CC[C@@H]1C[C@H](O)C2,10.11,10.33
179,0,0,0,0,0,1,0,0,0,0,0,1,1,-1,3,0.1667,0.1,0,0.5,0,0,0,0,0,0.1429,0,0,0.1667,0,0,0,0,0,0,0,0,0,0,0,0,0,1,0,0,0,0,0,0,0,0,0.2,0,0,0,0,0.2,0,0,0.1429,0,0.25,0,0,0,0,0,0,0,0,0,0,0,0,0,0.3333,0,0,0,0,0,0,0,0,0,0,0,0.3333,0,0,0,0.5,0,0,0,0,0,1.69,Cc1cc2nc3c(=O)[nH]c(=O)nc-3n(C[C@H](O)[C@H](O)[C@H](O)CO)c2cc1C,Cc1cc2nc3c(=O)[n-]c(=O)nc-3n(C[C@H](O)[C@H](O)[C@H](O)CO)c2cc1C,8.49,9.69
183,0,0,0,0,0,0,0,0,0,1,0,1,0,1,4,0.25,0.2,0,0.1667,0,0,0,0,0,0.1667,0,0,0.5,0,0,0.5,0,0,0,0,0,0,0,0,0,0,0,0,0,0,0,0,0.3333,0,0,0.2,0,0,0,0,1,0,0,0.3333,0,0,0,0,0,0,0,0,0,0,0,0,0,0,0,0,0,0,0,0.3333,0,0,0,0,0.1667,0,0,0,0,0,0,0,0.25,0,0,0,0,1.2,O=C1C[C@@H]2OCC=C3C[N@@H+]4CC[C@]56c7ccccc7N1[C@H]5[C@H]2[C@H]3C[C@H]46,O=C1C[C@@H]2OCC=C3CN4CC[C@]56c7ccccc7N1[C@H]5[C@H]2[C@H]3C[C@H]46,8.38,8.26
186,0,0,0,0,0,0,0,0,0,0,1,0,0,1,4,0.2,0,0,0,0,0,0,0,0,0.3333,0,0,0.5,0,0,0,0,0,0,0,0,0,0,0,0,0,1,0,0,0,0,0,0,0,0,0,0,0,0,0.1429,0,0,0,0.25,0,0,0,0,0,0,0,0,0,0,0,0,0,0,0,0,0,0,0,0,0,0,0,0,0,0,0,0,0,0,0,0,0,0,0,0,0,4.58,C[NH2+]C[C@@H](O)c1ccc(O)cc1,CNC[C@@H](O)c1ccc(O)cc1,9.51,9.6
188,0,0,0,0,0,0,0,0,0,0,1,0,0,1,4,0.2,0,0.5,0,0,0,0,0,0,0.3333,0,0,0.5,0,0,0,0,0,0,0,0,0,0,0,0,0,1,0,0,0,0,0,0,0,0,0,0,0,0,0.1667,0,0,0,0.25,0,0,0,0,0,0,0,0,0,0,0,0,0,0,0,0,0,0,0,0,0,0,0,0,0,0,0,0,0,0,0,0,0,0,0,0,0,4.58,CC(C)(C)[NH2+]C[C@@H](O)c1cc(O)cc(O)c1,CC(C)(C)NC[C@@H](O)c1cc(O)cc(O)c1,9.15,8.65
189,0,0,0,0,0,0,0,0,0,1,0,0,0,1,4,0.1429,0,0,0,0,0,0,0,0,0.2,0,0,0.5,0,0,0,0,0,0,0,0,0,0,0,0,0,0,0,0,0,0,0,0.25,0,0,0,0,0,0,0.1667,1,0,0,0.2,0,0,0,0,0,0,0,0,0,0,0,0,0,0,0,0,0,0,0,0.3333,0,0,0,0,0.1667,0,0,0,0,0,0,0,0.2,0,0,0,0,1.2,C[NH+](C)CC[C@]12c3c4ccc(O)c3O[C@H]1[C@@H](O)CC[C@H]2CC4,CN(C)CC[C@]12c3c4ccc(O)c3O[C@H]1[C@@H](O)CC[C@H]2CC4,9.18,8.65
194,1,0,0,0,0,0,0,0,0,0,0,0,0,-1,3,0.3333,0,0,0,0,0,0,0,0,0,0,0,0,0,0.1667,0,0,0,0,0,0,0,0,0,0,0,0,0,0,0,0,0,0,0,0,0,0,0,0,0.5,0,0,0,0.2,0,0,0,0,0,0,0,0,0,0,0,0,0,0,0,0,0,0,0,0,0,0,0,0,0.25,0,0,0,0,0,0,0,0,0,0,0,0,-2.83,COc1cc(C=O)ccc1O,COc1cc(C=O)ccc1[O-],7.62,7.396
195,1,0,0,0,0,0,0,0,0,0,0,0,0,-1,3,0.3333,0,0,0,0,0,0,0,0,0,0,0,0,0,0.2,0,0,0,0,0,0,0,0,0,0,0,0,0,0,0,0,0,0,0,0,0,0,0,0,0.5,0,0,0,0.25,0,0,0,0,0,0,0,0,0,0,0,0,0,0,0,0,0,0,0,0,0,0,0,0,0.25,0,0,0,0,0,0,0,0,0,0,0,0,-2.83,COc1ccc(C=O)cc1O,COc1ccc(C=O)cc1[O-],8.83,8.889
196,1,0,0,0,0,0,0,0,0,0,0,0,0,-1,3,0.25,0,0,0,0,0,0,0,0,0,0,0,0,0,0.25,0,0,0,0,0,0,0,0,0,0,0,0,0,0,0,0,0,0,0,0,0,0,0,0,0.5,0,0,0,0.3333,0,0,0,0,0,0,0,0,0,0,0,0,0,0,0,0,0,0,0,0,0,0,0,0,0.25,0,0,0,0,0,0,0,0,0,0,0,0,-2.83,COc1cccc(C=O)c1O,COc1cccc(C=O)c1[O-],7.59,7.912